<?xml version="1.0" encoding="UTF-8" standalone="yes"?>

<addon
	id="repository.jadvie"
	version="0.0.1"
	name="[COLOR pink][B]JadViE Studio Repository[/B][/COLOR]"
	provider-name="jadvie">
	<requires>
		<import addon="xbmc.addon" version="12.0.0"/>
	</requires>
	<extension point="xbmc.addon.repository"
		name="[COLOR pink][B]JadViE Studio Repository[/B][/COLOR]">
		<info compressed="true">https://raw.githubusercontent.com/SystemTN/jadvie-studio/master/addons.xml</info>
		<checksum>https://raw.githubusercontent.com/SystemTN/jadvie-studio/master/addons.xml.md5</checksum>
		<datadir zip="true">https://github.com/SystemTN/jadvie-studio/tree/master/zip</datadir>
	</extension>
	<extension point="xbmc.addon.metadata">
		<summary lang="en">JadViE Studio</summary>
		<description lang="en">Kho phim giải trí của JadViE Studio - Tất cả nội dung được lấy từ Internet vì vậy chúng tôi không chịu trách nhiệm về chất lượng cũng như sự ổn định - JadViE chỉ dịch thuật hoặc thuyết minh tiếng Việt.</description>
		<disclaimer lang="en">Tất cả nội dung được lấy từ Internet vì vậy chúng tôi không chịu trách nhiệm về chất lượng cũng như sự ổn định - JadViE chỉ dịch thuật hoặc thuyết minh tiếng Việt.</disclaimer>
		<email>jadvie@nethd.org</email>
		<platform>all</platform>
	</extension>
</addon>
