<?xml version="1.0" encoding="UTF-8" standalone="yes"?>

	<addon id="plugin.video.jadvie.studio"
       version="0.0.1"
       name="*[COLOR pink]JadViE Studio[/COLOR]*"
       provider-name="SystemTN @JadViE Studio">
 <requires>
	<import addon="xbmc.addon" version="12.0.0"/>
    <import addon="xbmc.python" version="2.1.0"/>
    <import addon="script.module.xbmcswift2" version="0.0.7" />
    <import addon="plugin.video.youtube" version="4.4.1" />
    <import addon="script.module.httplib2" version="0.1" />
    <import addon="script.rawmaintenance" version="0.1" />
  </requires>
  <extension point="xbmc.python.pluginsource" library="default.py">
        <provides>video</provides>
  </extension>
	<extension point="xbmc.addon.metadata">
		<summary lang="en">Phim Thuyết Minh và Phụ Đề Việt @JadViE Studio</summary>
		<description lang="en">Cập nhật phim chiếu rạp với phụ đề Việt hoặc Thuyết minh bởi JadViE Studio sớm nhất.</description>
		<disclaimer lang="en">Tất cả nội dung được lấy từ Internet vì vậy chúng tôi không chịu trách nhiệm về bản quyền hay pháp luật Việt Nam.</disclaimer>
		<news>Phiên bản đầu tiên của JadViE Studio Add-on trên Kodi</news>
		<license>@JadViE Studio 2017</license>
		<website>http://nethd.org/</website>
		<source>Raw phim sưu tầm từ nhiều nguồn ở Internet</source>
		<email>jadvie@nethd.org</email>
		<platform>all</platform>
		<assets>
			<icon>resources/icon.png</icon>
			<fanart>resources/fanart.jpg</fanart>
			<screenshot>resources/screenshot-01.jpg</screenshot>
			<screenshot>resources/screenshot-02.jpg</screenshot>
			<screenshot>resources/screenshot-03.jpg</screenshot>
			<screenshot>resources/screenshot-04.jpg</screenshot>
			<screenshot>resources/screenshot-05.jpg</screenshot>
		</assets>
	</extension>
</addon>
